Animal,Motivo,Consequência,Região,Ano,Status de Extinção
Lince,Poluição,Crítico,Oceania,2023,Quase ameaçado
Girafa,Poluição,Em perigo,Ásia,1982,Quase ameaçado
Tigre Malayo,Caça ilegal,Quase ameaçado,Oceania,1937,Crítico
Arara Azul,Caça ilegal,Menos preocupante,Europa,1923,Vulnerável
Cervo Sika,Mudanças climáticas,Crítico,América do Norte,1968,Menos preocupante
Girafa de Rothschild,Mudanças climáticas,Em perigo,África,1993,Vulnerável
Urso Pardo,Outros,Quase ameaçado,América do Sul,2019,Menos preocupante
Lince de cabeça curvada,Outros,Vulnerável,África,1996,Quase ameaçado
Canguru Albino,Perda de habitat,Menos preocupante,América do Norte,1928,Em perigo
Leão Africano,Outros,Vulnerável,América do Norte,1915,Em perigo
Robalo Amarelo,Poluição,Crítico,América do Norte,1932,Menos preocupante
Macaco-barrigudo,Mudanças climáticas,Quase ameaçado,Oceania,1934,Menos preocupante
Elefante Indiano,Outros,Quase ameaçado,África,2010,Quase ameaçado
Hipopótamo-pigmeu,Perda de habitat,Vulnerável,África,1975,Menos preocupante
Urso,Caça ilegal,Crítico,América do Sul,1926,Menos preocupante
Canguru Cinza,Outros,Quase ameaçado,América do Norte,1983,Em perigo
Arara Azul,Perda de habitat,Em perigo,Ásia,1988,Em perigo
Tartaruga-de-papo-amarelo,Outros,Quase ameaçado,América do Sul,1923,Menos preocupante
Tartaruga-de-papo-amarelo,Perda de habitat,Crítico,Europa,1996,Em perigo
Elefante Africano,Caça ilegal,Quase ameaçado,América do Norte,1996,Em perigo
Leão,Caça ilegal,Menos preocupante,Ásia,1995,Vulnerável
Elefante Asiático,Caça ilegal,Em perigo,África,1979,Quase ameaçado
Zebra de Montanha,Poluição,Crítico,América do Norte,2020,Menos preocupante
Lobo Vermelho,Caça ilegal,Quase ameaçado,Europa,1935,Vulnerável
Robalo,Outros,Crítico,Oceania,2008,Em perigo
Girafa,Perda de habitat,Crítico,África,1950,Crítico
Urso Negro Americano,Mudanças climáticas,Vulnerável,Ásia,1952,Crítico
Águia,Caça ilegal,Crítico,América do Sul,1910,Menos preocupante
Panda,Perda de habitat,Crítico,Oceania,2000,Vulnerável
Canguru Cinza,Outros,Crítico,África,1982,Em perigo
Águia-das-barrancas,Mudanças climáticas,Quase ameaçado,Europa,1987,Vulnerável
Zebra de Montanha,Perda de habitat,Menos preocupante,América do Sul,1953,Crítico
Búfalo Africano,Caça ilegal,Menos preocupante,Europa,1939,Crítico
Lobo Cinzento,Outros,Quase ameaçado,América do Sul,1966,Crítico
Hipopótamo,Poluição,Em perigo,América do Norte,1977,Crítico
Tartaruga-de-couro,Perda de habitat,Quase ameaçado,África,1943,Quase ameaçado
Lince de cabeça curvada,Perda de habitat,Vulnerável,América do Sul,1970,Quase ameaçado
Búfalo Africano,Caça ilegal,Menos preocupante,África,1991,Em perigo
Macaco-prego,Poluição,Quase ameaçado,África,1988,Em perigo
Cervo Sika,Caça ilegal,Crítico,África,1906,Crítico
Macaco,Outros,Crítico,América do Sul,1979,Vulnerável
Panda Vermelho,Perda de habitat,Crítico,Oceania,1952,Em perigo
Panda,Outros,Menos preocupante,América do Sul,2007,Em perigo
Robalo Amarelo,Perda de habitat,Quase ameaçado,América do Sul,1972,Em perigo
Robalo Amarelo,Mudanças climáticas,Em perigo,Europa,1957,Menos preocupante
Zebra,Mudanças climáticas,Crítico,América do Sul,1947,Vulnerável
Tigre Siberiano,Perda de habitat,Menos preocupante,Europa,1905,Quase ameaçado
Lobo Cinzento,Mudanças climáticas,Menos preocupante,África,2009,Em perigo
Tigre Indochinês,Perda de habitat,Quase ameaçado,Oceania,1923,Em perigo
Águia-de-krüger,Outros,Menos preocupante,América do Sul,2008,Crítico
Macaco-aranha,Outros,Crítico,Ásia,2016,Vulnerável
Canguru Albino,Perda de habitat,Em perigo,Oceania,1910,Vulnerável
Lince Europeu,Caça ilegal,Quase ameaçado,Oceania,1978,Menos preocupante
Urso,Poluição,Menos preocupante,América do Sul,1923,Vulnerável
Robalo de Costa,Poluição,Crítico,América do Sul,1943,Quase ameaçado
Tartaruga-mexicana,Perda de habitat,Vulnerável,Oceania,1921,Crítico
Elefante Africano,Perda de habitat,Menos preocupante,América do Sul,1926,Em perigo
Tartaruga-de-papo-amarelo,Mudanças climáticas,Em perigo,Ásia,1958,Em perigo
Girafa Reticulada,Mudanças climáticas,Menos preocupante,Oceania,1915,Vulnerável
Robalo,Perda de habitat,Menos preocupante,Ásia,2004,Crítico
Tigre Siberiano,Mudanças climáticas,Crítico,América do Norte,1985,Menos preocupante
Lobo Cinzento,Caça ilegal,Em perigo,América do Norte,1969,Crítico
Panda,Caça ilegal,Crítico,América do Sul,1929,Em perigo
Cervo Branco,Mudanças climáticas,Em perigo,Europa,1990,Vulnerável
Macaco-de-cheiro,Poluição,Crítico,América do Sul,2016,Menos preocupante
Robalo,Caça ilegal,Quase ameaçado,África,2016,Crítico
Tartaruga-mexicana,Outros,Em perigo,América do Sul,1975,Crítico
Gorila-da-montanha,Mudanças climáticas,Vulnerável,Ásia,1966,Crítico
Arara Vermelha,Outros,Vulnerável,África,1947,Em perigo
Lince Canadense,Caça ilegal,Vulnerável,Oceania,1943,Quase ameaçado
Arara-de-cabeça-azul,Mudanças climáticas,Crítico,Ásia,1927,Menos preocupante
Búfalo Asiático,Mudanças climáticas,Vulnerável,Oceania,1939,Crítico
Cervo Sika,Caça ilegal,Vulnerável,Oceania,1904,Em perigo
Lobo Cinzento,Poluição,Quase ameaçado,Europa,1967,Quase ameaçado
Leão Africano,Poluição,Crítico,Europa,1957,Em perigo
Zebra,Caça ilegal,Quase ameaçado,América do Norte,1904,Crítico
Girafa,Poluição,Vulnerável,África,2018,Vulnerável
Búfalo,Mudanças climáticas,Vulnerável,África,1998,Em perigo
Panda Gigante,Mudanças climáticas,Crítico,África,1987,Menos preocupante
Búfalo,Poluição,Menos preocupante,África,2012,Quase ameaçado
Leão Asiático,Perda de habitat,Quase ameaçado,Oceania,1905,Menos preocupante
Urso Kodiak,Outros,Em perigo,Ásia,1980,Crítico
Robalo de Mangue,Caça ilegal,Crítico,Europa,1960,Crítico
Macaco-prego,Perda de habitat,Vulnerável,América do Sul,1986,Quase ameaçado
Gorila-da-montanha,Mudanças climáticas,Menos preocupante,África,1923,Menos preocupante
Cervo Vermelho,Outros,Vulnerável,África,1993,Em perigo
Elefante de Sumatra,Mudanças climáticas,Em perigo,América do Norte,1942,Em perigo
Zebra,Perda de habitat,Menos preocupante,Oceania,1911,Vulnerável
Macaco-prego,Poluição,Quase ameaçado,América do Norte,2006,Em perigo
Macaco-barrigudo,Poluição,Em perigo,Europa,1931,Vulnerável
Gorila-das-planícies,Poluição,Vulnerável,Europa,1927,Quase ameaçado
Lince Canadense,Poluição,Crítico,América do Sul,1971,Vulnerável
Crocodilo de Água Salgada,Caça ilegal,Em perigo,Europa,1938,Em perigo
Robalo,Mudanças climáticas,Vulnerável,América do Sul,1955,Crítico
Águia-de-krüger,Outros,Em perigo,África,1983,Crítico
Crocodilo Cubano,Perda de habitat,Menos preocupante,América do Norte,1931,Vulnerável
Elefante de Sumatra,Perda de habitat,Quase ameaçado,Europa,1945,Crítico
Macaco,Poluição,Quase ameaçado,Ásia,2005,Menos preocupante
Cervo de Cauda Branca,Outros,Vulnerável,América do Sul,1951,Vulnerável
Cervo,Mudanças climáticas,Menos preocupante,Oceania,2021,Quase ameaçado
Águia-de-krüger,Perda de habitat,Quase ameaçado,Ásia,1928,Vulnerável
Lince Ibérico,Perda de habitat,Vulnerável,Europa,1974,Vulnerável
Arara,Perda de habitat,Quase ameaçado,África,2017,Crítico
Cervo Sika,Perda de habitat,Menos preocupante,Oceania,1900,Vulnerável
Macaco,Outros,Menos preocupante,América do Sul,1975,Menos preocupante
Tigre,Caça ilegal,Vulnerável,América do Norte,1909,Quase ameaçado
Cervo,Outros,Crítico,América do Norte,1981,Em perigo
Girafa de Rothschild,Caça ilegal,Vulnerável,América do Sul,2017,Vulnerável
Urso,Poluição,Vulnerável,África,1959,Vulnerável
Panda,Caça ilegal,Quase ameaçado,África,1912,Vulnerável
Águia-de-cabeça-branca,Caça ilegal,Em perigo,África,1911,Menos preocupante
Canguru Vermelho,Mudanças climáticas,Em perigo,Ásia,1929,Vulnerável
Tigre,Poluição,Em perigo,África,1966,Vulnerável
Leão Asiático,Caça ilegal,Menos preocupante,América do Norte,1913,Em perigo
Lince Canadense,Poluição,Em perigo,América do Norte,1912,Vulnerável
Urso Kodiak,Mudanças climáticas,Menos preocupante,América do Sul,1924,Em perigo
Lobo,Perda de habitat,Menos preocupante,Europa,1974,Vulnerável
Zebra das Planícies,Outros,Vulnerável,Ásia,1956,Crítico
Macaco,Poluição,Menos preocupante,Ásia,1979,Menos preocupante
Arara-de-cabeça-azul,Perda de habitat,Crítico,América do Norte,1981,Crítico
Girafa de Rothschild,Poluição,Vulnerável,Oceania,1923,Crítico
Girafa de Masai,Perda de habitat,Crítico,Ásia,1922,Em perigo
Tartaruga-de-papo-amarelo,Perda de habitat,Quase ameaçado,Oceania,2003,Vulnerável
Arara-de-barriga-amarela,Caça ilegal,Crítico,África,1909,Vulnerável
Macaco,Mudanças climáticas,Vulnerável,Oceania,1991,Quase ameaçado
Cervo Sika,Mudanças climáticas,Menos preocupante,Oceania,2013,Quase ameaçado
Tigre Siberiano,Outros,Em perigo,África,1933,Quase ameaçado
Cervo de Cauda Branca,Mudanças climáticas,Crítico,Oceania,1985,Menos preocupante
Tigre Malayo,Caça ilegal,Menos preocupante,América do Sul,1974,Em perigo
Girafa,Poluição,Crítico,Europa,1926,Em perigo
Arara,Outros,Em perigo,América do Norte,1951,Quase ameaçado
Tigre Malayo,Caça ilegal,Crítico,América do Norte,1922,Quase ameaçado
Canguru Vermelho,Perda de habitat,Quase ameaçado,África,1923,Menos preocupante
Cervo Branco,Outros,Quase ameaçado,América do Sul,2008,Menos preocupante
Canguru Albino,Perda de habitat,Crítico,Ásia,1952,Em perigo
Macaco-barrigudo,Poluição,Menos preocupante,Europa,1997,Em perigo
Crocodilo do Nilo,Poluição,Menos preocupante,África,1987,Quase ameaçado
Elefante Africano,Caça ilegal,Vulnerável,África,1911,Menos preocupante
Lince Canadense,Caça ilegal,Em perigo,África,1952,Quase ameaçado
Arara Azul,Outros,Vulnerável,Ásia,1909,Crítico
Girafa de Rothschild,Poluição,Quase ameaçado,Europa,1962,Vulnerável
Arara Vermelha,Mudanças climáticas,Quase ameaçado,Oceania,2023,Quase ameaçado
Lobo Cinzento,Outros,Vulnerável,Europa,1981,Menos preocupante
Lobo Cinzento,Caça ilegal,Menos preocupante,África,2020,Vulnerável
Cervo Branco,Poluição,Vulnerável,América do Sul,1995,Em perigo
Tigre,Perda de habitat,Menos preocupante,Ásia,1933,Menos preocupante
Macaco-prego,Mudanças climáticas,Vulnerável,Ásia,1952,Menos preocupante
Gorila,Poluição,Em perigo,América do Sul,2018,Vulnerável
Arara,Outros,Crítico,África,1919,Menos preocupante
Arara-de-cabeça-azul,Outros,Vulnerável,Europa,1981,Quase ameaçado
Urso,Perda de habitat,Menos preocupante,América do Norte,1922,Quase ameaçado
Macaco-barrigudo,Mudanças climáticas,Quase ameaçado,Europa,1939,Em perigo
Tigre Siberiano,Caça ilegal,Quase ameaçado,América do Norte,1931,Em perigo
Urso Pardo,Perda de habitat,Quase ameaçado,Europa,2015,Quase ameaçado
Arara-de-barriga-amarela,Perda de habitat,Vulnerável,Europa,1900,Menos preocupante
Tartaruga,Perda de habitat,Vulnerável,Ásia,1934,Crítico
Lince Ibérico,Outros,Crítico,Europa,1933,Menos preocupante
Tartaruga-de-pente,Mudanças climáticas,Menos preocupante,América do Norte,1947,Vulnerável
Gorila-cross river,Perda de habitat,Vulnerável,África,1983,Quase ameaçado
Gorila-da-montanha,Perda de habitat,Menos preocupante,Europa,1924,Vulnerável
Macaco-prego,Perda de habitat,Quase ameaçado,Oceania,1952,Crítico
Cervo de Cauda Branca,Poluição,Em perigo,América do Norte,1981,Em perigo
Zebra das Planícies,Perda de habitat,Quase ameaçado,Oceania,1938,Em perigo
Cervo Sika,Mudanças climáticas,Em perigo,Europa,1937,Em perigo
Robalo Branco,Caça ilegal,Vulnerável,África,1978,Menos preocupante
Leão,Poluição,Quase ameaçado,América do Norte,1965,Crítico
Cervo de Cauda Branca,Perda de habitat,Quase ameaçado,África,1964,Quase ameaçado
Macaco-aranha,Outros,Em perigo,Ásia,2004,Crítico
Águia Real,Outros,Crítico,América do Sul,1914,Crítico
Macaco-aranha,Poluição,Menos preocupante,Ásia,1932,Crítico
Girafa de Masai,Perda de habitat,Em perigo,Ásia,1931,Em perigo
Tartaruga-de-pente,Caça ilegal,Vulnerável,América do Sul,1964,Vulnerável
Lince Canadense,Caça ilegal,Quase ameaçado,Europa,2020,Quase ameaçado
Lobo,Poluição,Crítico,Europa,2004,Crítico
Hipopótamo-pigmeu,Caça ilegal,Crítico,Ásia,1945,Vulnerável
Búfalo,Perda de habitat,Vulnerável,Oceania,1956,Vulnerável
Macaco-barrigudo,Poluição,Vulnerável,África,1915,Quase ameaçado
Hipopótamo,Caça ilegal,Quase ameaçado,Oceania,1948,Quase ameaçado
Lince de cabeça curvada,Caça ilegal,Quase ameaçado,Europa,1977,Em perigo
Urso Kodiak,Poluição,Menos preocupante,América do Sul,1906,Quase ameaçado
Águia-das-barrancas,Poluição,Em perigo,América do Norte,1910,Menos preocupante
Lince Ibérico,Poluição,Em perigo,América do Sul,1928,Crítico
Crocodilo Cubano,Poluição,Vulnerável,América do Sul,2016,Em perigo
Lince Robalo,Outros,Vulnerável,Europa,1909,Em perigo
Elefante Asiático,Poluição,Vulnerável,Europa,1952,Crítico
Tartaruga-de-couro,Mudanças climáticas,Vulnerável,América do Norte,1966,Quase ameaçado
Robalo Amarelo,Caça ilegal,Quase ameaçado,América do Norte,1976,Em perigo
Tartaruga-mexicana,Caça ilegal,Vulnerável,Oceania,2004,Crítico
Crocodilo de Água Salgada,Mudanças climáticas,Menos preocupante,América do Sul,1951,Quase ameaçado
Crocodilo do Nilo,Caça ilegal,Menos preocupante,Oceania,1902,Menos preocupante
Gorila-cross river,Poluição,Crítico,América do Sul,2004,Quase ameaçado
Crocodilo Cubano,Poluição,Quase ameaçado,África,1910,Quase ameaçado
Tigre Malayo,Outros,Vulnerável,América do Sul,1914,Crítico
Robalo de Mangue,Poluição,Crítico,Ásia,1988,Vulnerável
Elefante de Sumatra,Caça ilegal,Vulnerável,Ásia,1985,Crítico
Robalo,Mudanças climáticas,Menos preocupante,Europa,1990,Crítico
Águia,Outros,Vulnerável,Ásia,2014,Menos preocupante
Crocodilo,Poluição,Vulnerável,Ásia,1981,Crítico
Girafa Reticulada,Caça ilegal,Menos preocupante,América do Norte,1963,Crítico
Tartaruga-mexicana,Perda de habitat,Crítico,América do Norte,1977,Menos preocupante
Lobo Cinzento,Perda de habitat,Em perigo,Europa,1938,Quase ameaçado
Zebra de Grevy,Caça ilegal,Menos preocupante,Oceania,1990,Vulnerável
Arara,Outros,Crítico,Ásia,1930,Em perigo
Macaco-prego,Poluição,Vulnerável,Oceania,1936,Vulnerável
Zebra de Grevy,Mudanças climáticas,Quase ameaçado,Ásia,2020,Quase ameaçado
Lince Europeu,Perda de habitat,Em perigo,América do Sul,1925,Menos preocupante
Urso Negro Americano,Perda de habitat,Menos preocupante,Ásia,1954,Em perigo
Lobo Cinzento,Caça ilegal,Vulnerável,América do Norte,1958,Menos preocupante
Gorila-das-planícies,Caça ilegal,Crítico,Ásia,1934,Em perigo
Macaco-de-cheiro,Caça ilegal,Crítico,América do Norte,2000,Quase ameaçado
Robalo,Outros,Em perigo,África,1952,Em perigo
Hipopótamo-comum,Outros,Menos preocupante,Oceania,2015,Em perigo
Gorila,Perda de habitat,Vulnerável,África,1979,Vulnerável
Lince Ibérico,Caça ilegal,Vulnerável,Europa,2001,Menos preocupante
Macaco-prego,Poluição,Quase ameaçado,Europa,1982,Vulnerável
Arara Azul,Poluição,Em perigo,África,2009,Em perigo
Búfalo Asiático,Perda de habitat,Em perigo,África,1900,Menos preocupante
Canguru Albino,Mudanças climáticas,Quase ameaçado,África,2022,Vulnerável
Águia-das-barrancas,Caça ilegal,Em perigo,África,1951,Em perigo
Cervo Branco,Mudanças climáticas,Vulnerável,África,1937,Menos preocupante
Robalo Branco,Perda de habitat,Crítico,Europa,1945,Crítico
Elefante Asiático,Poluição,Menos preocupante,Oceania,1908,Vulnerável
Robalo Amarelo,Perda de habitat,Crítico,Ásia,1912,Em perigo
Tigre,Poluição,Em perigo,Europa,1935,Quase ameaçado
Panda Vermelho,Perda de habitat,Vulnerável,América do Sul,1944,Em perigo
Hipopótamo,Caça ilegal,Quase ameaçado,Oceania,2010,Crítico
Panda,Poluição,Menos preocupante,Europa,1990,Vulnerável
Robalo de Mangue,Mudanças climáticas,Em perigo,América do Sul,1946,Crítico
Elefante Indiano,Poluição,Crítico,Oceania,1946,Crítico
Cervo Branco,Poluição,Em perigo,América do Norte,1942,Menos preocupante
Crocodilo,Caça ilegal,Menos preocupante,América do Sul,1965,Vulnerável
Crocodilo,Outros,Crítico,África,1981,Vulnerável
Canguru Cinza,Mudanças climáticas,Menos preocupante,Oceania,2018,Quase ameaçado
Águia-de-cabeça-branca,Caça ilegal,Em perigo,Europa,1986,Vulnerável
Águia-das-barrancas,Caça ilegal,Menos preocupante,Oceania,1901,Menos preocupante
Urso Kodiak,Perda de habitat,Em perigo,América do Norte,1952,Vulnerável
Macaco-barrigudo,Outros,Quase ameaçado,América do Sul,1958,Crítico
Arara-de-cabeça-azul,Mudanças climáticas,Crítico,Oceania,2008,Vulnerável
Arara-de-cabeça-azul,Perda de habitat,Vulnerável,Oceania,1956,Vulnerável
Elefante Africano,Outros,Vulnerável,Ásia,1932,Em perigo
Tigre,Caça ilegal,Crítico,Ásia,1992,Menos preocupante
Canguru Vermelho,Outros,Menos preocupante,Ásia,1933,Em perigo
Robalo Branco,Perda de habitat,Em perigo,Europa,2010,Menos preocupante
Robalo de Costa,Mudanças climáticas,Crítico,América do Sul,1972,Quase ameaçado
Elefante Asiático,Caça ilegal,Quase ameaçado,Ásia,1996,Menos preocupante
Gorila-cross river,Caça ilegal,Menos preocupante,América do Norte,1929,Em perigo
Lobo,Mudanças climáticas,Vulnerável,África,1936,Quase ameaçado
Urso Negro Americano,Outros,Quase ameaçado,Oceania,1976,Vulnerável
Robalo,Perda de habitat,Em perigo,América do Norte,1973,Crítico
Gorila-da-montanha,Perda de habitat,Crítico,África,2005,Quase ameaçado
Tigre Indochinês,Mudanças climáticas,Menos preocupante,Oceania,1916,Em perigo
Macaco-de-cheiro,Mudanças climáticas,Vulnerável,África,1977,Crítico
Tartaruga-mexicana,Caça ilegal,Quase ameaçado,América do Sul,2012,Quase ameaçado
Canguru Vermelho,Perda de habitat,Quase ameaçado,África,1930,Quase ameaçado
Crocodilo do Nilo,Caça ilegal,Crítico,Ásia,1972,Vulnerável
Canguru Albino,Perda de habitat,Em perigo,Ásia,1936,Em perigo
Canguru,Mudanças climáticas,Vulnerável,África,1954,Quase ameaçado
Tigre de Bengala,Perda de habitat,Menos preocupante,Europa,1981,Crítico
Gorila-da-montanha,Outros,Em perigo,Oceania,1977,Quase ameaçado
Tartaruga,Perda de habitat,Crítico,América do Norte,1920,Vulnerável
Lobo Vermelho,Caça ilegal,Em perigo,Oceania,1934,Vulnerável
Cervo Vermelho,Mudanças climáticas,Em perigo,Oceania,2000,Em perigo
Tartaruga-de-pente,Outros,Menos preocupante,Europa,1968,Vulnerável
Tartaruga-de-pente,Perda de habitat,Em perigo,Ásia,1924,Em perigo
Tartaruga-mexicana,Mudanças climáticas,Vulnerável,América do Sul,2016,Menos preocupante
Leão Africano,Poluição,Vulnerável,América do Norte,1935,Em perigo
Urso Negro Americano,Mudanças climáticas,Crítico,América do Norte,1994,Crítico
Lobo Vermelho,Mudanças climáticas,Crítico,América do Sul,1997,Em perigo
Arara-de-cabeça-azul,Mudanças climáticas,Crítico,Oceania,2000,Em perigo
Cervo Sika,Poluição,Menos preocupante,Europa,1967,Menos preocupante
Lince Ibérico,Mudanças climáticas,Menos preocupante,América do Sul,1993,Em perigo
Zebra de Montanha,Caça ilegal,Crítico,África,2011,Menos preocupante
Urso Kodiak,Outros,Menos preocupante,Oceania,1912,Menos preocupante
Elefante de Sumatra,Mudanças climáticas,Vulnerável,África,1978,Em perigo
Tartaruga-de-couro,Mudanças climáticas,Crítico,Ásia,2011,Vulnerável
Lince de cabeça curvada,Outros,Quase ameaçado,África,1966,Vulnerável
Búfalo Africano,Poluição,Menos preocupante,África,2016,Vulnerável
Arara,Perda de habitat,Crítico,Oceania,1951,Em perigo
Urso Kodiak,Poluição,Em perigo,América do Norte,1957,Crítico
Robalo Amarelo,Outros,Crítico,Oceania,2017,Crítico
Gorila-cross river,Outros,Quase ameaçado,África,1995,Vulnerável
Gorila,Perda de habitat,Em perigo,Oceania,1907,Quase ameaçado
Cervo,Mudanças climáticas,Menos preocupante,América do Sul,1947,Menos preocupante
Lobo Cinzento,Perda de habitat,Menos preocupante,América do Sul,1929,Quase ameaçado
Búfalo Africano,Caça ilegal,Vulnerável,Ásia,1974,Crítico
Águia Real,Outros,Quase ameaçado,Ásia,1980,Menos preocupante
Zebra de Montanha,Caça ilegal,Crítico,Oceania,1925,Menos preocupante
Urso Negro Americano,Mudanças climáticas,Vulnerável,América do Norte,1965,Menos preocupante
Hipopótamo-comum,Poluição,Crítico,América do Norte,1995,Em perigo
Tartaruga-de-pente,Perda de habitat,Menos preocupante,Europa,1937,Vulnerável
Macaco-barrigudo,Outros,Quase ameaçado,África,1952,Menos preocupante
Crocodilo Cubano,Perda de habitat,Em perigo,Ásia,2021,Quase ameaçado
Robalo Branco,Outros,Vulnerável,América do Sul,1997,Menos preocupante
Lince Ibérico,Poluição,Vulnerável,Oceania,1952,Vulnerável
Girafa de Rothschild,Perda de habitat,Menos preocupante,África,1996,Vulnerável
Águia-de-cabeça-branca,Outros,Vulnerável,Europa,1976,Menos preocupante
Tigre Siberiano,Poluição,Vulnerável,Oceania,1926,Crítico
Panda,Poluição,Vulnerável,Ásia,1991,Vulnerável
Tartaruga-mexicana,Mudanças climáticas,Menos preocupante,Ásia,1998,Menos preocupante
Crocodilo de Água Salgada,Outros,Quase ameaçado,Europa,1940,Menos preocupante
Arara-de-cabeça-azul,Caça ilegal,Em perigo,Europa,1932,Crítico
Águia Real,Perda de habitat,Em perigo,Europa,1999,Menos preocupante
Robalo de Costa,Poluição,Menos preocupante,Ásia,1982,Menos preocupante
Girafa Reticulada,Outros,Quase ameaçado,Ásia,2011,Vulnerável
Canguru Cinza,Perda de habitat,Quase ameaçado,Europa,2012,Menos preocupante
Canguru Albino,Poluição,Vulnerável,Ásia,1928,Quase ameaçado
Urso Kodiak,Perda de habitat,Em perigo,América do Norte,1916,Em perigo
Crocodilo de Água Salgada,Caça ilegal,Menos preocupante,América do Norte,1925,Quase ameaçado
Girafa de Rothschild,Poluição,Menos preocupante,África,1939,Crítico
Arara Vermelha,Perda de habitat,Vulnerável,África,1964,Crítico
Lince,Caça ilegal,Vulnerável,América do Sul,1962,Vulnerável
Macaco-prego,Mudanças climáticas,Vulnerável,Ásia,1939,Vulnerável
Gorila-da-montanha,Poluição,Vulnerável,Europa,2006,Crítico
Elefante Asiático,Mudanças climáticas,Vulnerável,América do Sul,1983,Crítico
Zebra,Caça ilegal,Quase ameaçado,América do Norte,1924,Menos preocupante
Crocodilo do Nilo,Outros,Menos preocupante,Oceania,1946,Menos preocupante
Elefante Asiático,Mudanças climáticas,Crítico,África,2007,Crítico
Crocodilo de Água Salgada,Mudanças climáticas,Crítico,África,1930,Menos preocupante
Tartaruga-de-couro,Perda de habitat,Crítico,Oceania,1968,Crítico
Gorila-das-planícies,Outros,Menos preocupante,América do Norte,1938,Em perigo
Águia,Outros,Em perigo,Ásia,1908,Vulnerável
Lince,Poluição,Crítico,América do Norte,1951,Vulnerável
Macaco,Mudanças climáticas,Crítico,América do Norte,1906,Vulnerável
Hipopótamo-comum,Mudanças climáticas,Crítico,Europa,1945,Crítico
Arara-de-cabeça-azul,Outros,Quase ameaçado,América do Sul,1935,Vulnerável
Panda,Caça ilegal,Quase ameaçado,Oceania,2000,Menos preocupante
Cervo Branco,Mudanças climáticas,Menos preocupante,África,1994,Menos preocupante
Cervo de Cauda Branca,Caça ilegal,Quase ameaçado,Europa,1998,Crítico
Lobo Cinzento,Perda de habitat,Crítico,África,1958,Crítico
Crocodilo Cubano,Outros,Crítico,América do Sul,1996,Quase ameaçado
Hipopótamo-comum,Mudanças climáticas,Vulnerável,Ásia,1993,Crítico
Arara Vermelha,Poluição,Crítico,África,1970,Vulnerável
Canguru Albino,Poluição,Em perigo,América do Norte,1980,Em perigo
Gorila-cross river,Outros,Crítico,Ásia,1928,Em perigo
Canguru Vermelho,Perda de habitat,Em perigo,Oceania,1967,Vulnerável
Zebra,Outros,Quase ameaçado,América do Sul,1932,Menos preocupante
Elefante Africano,Caça ilegal,Quase ameaçado,América do Sul,1951,Vulnerável
Leão Asiático,Perda de habitat,Vulnerável,América do Sul,1937,Quase ameaçado
Macaco-aranha,Mudanças climáticas,Em perigo,América do Sul,1916,Quase ameaçado
Zebra das Planícies,Caça ilegal,Em perigo,Ásia,2012,Quase ameaçado
Macaco-barrigudo,Perda de habitat,Menos preocupante,Ásia,1908,Menos preocupante
Arara Vermelha,Caça ilegal,Quase ameaçado,Ásia,1945,Quase ameaçado
Arara-de-cabeça-azul,Outros,Quase ameaçado,Ásia,2020,Menos preocupante
Hipopótamo-pigmeu,Outros,Menos preocupante,América do Norte,1986,Crítico
Robalo de Costa,Perda de habitat,Crítico,América do Norte,1946,Vulnerável
Tigre Malayo,Mudanças climáticas,Crítico,Ásia,1987,Em perigo
Tartaruga-de-couro,Poluição,Menos preocupante,Oceania,1960,Quase ameaçado
Gorila,Perda de habitat,Vulnerável,África,1950,Vulnerável
Macaco-aranha,Outros,Quase ameaçado,Oceania,1923,Em perigo
Lince Robalo,Outros,Em perigo,Europa,1946,Em perigo
Urso Kodiak,Outros,Menos preocupante,Oceania,1987,Em perigo
Panda,Perda de habitat,Menos preocupante,Ásia,2000,Quase ameaçado
Lince Robalo,Poluição,Em perigo,Ásia,1985,Menos preocupante
Cervo Vermelho,Perda de habitat,Crítico,América do Sul,1988,Quase ameaçado
Gorila-das-planícies,Outros,Crítico,Oceania,2000,Quase ameaçado
Tigre Indochinês,Outros,Em perigo,Europa,1961,Crítico
Lince de cabeça curvada,Mudanças climáticas,Menos preocupante,África,2007,Menos preocupante
Arara Vermelha,Perda de habitat,Menos preocupante,América do Norte,1988,Quase ameaçado
Tartaruga-de-pente,Outros,Vulnerável,Oceania,2015,Vulnerável
Búfalo Asiático,Poluição,Em perigo,África,1967,Quase ameaçado
Lobo,Outros,Vulnerável,Europa,1900,Quase ameaçado
Lobo Vermelho,Mudanças climáticas,Em perigo,Ásia,1924,Quase ameaçado
Tartaruga,Mudanças climáticas,Em perigo,Oceania,1959,Quase ameaçado
Zebra das Planícies,Caça ilegal,Vulnerável,África,1929,Quase ameaçado
Zebra das Planícies,Mudanças climáticas,Vulnerável,Europa,2020,Quase ameaçado
Robalo Branco,Mudanças climáticas,Crítico,Ásia,2022,Em perigo
Cervo Vermelho,Outros,Crítico,África,1973,Em perigo
Urso Pardo,Mudanças climáticas,Quase ameaçado,Ásia,1915,Quase ameaçado
Lobo Vermelho,Caça ilegal,Crítico,África,1987,Crítico
Girafa de Masai,Mudanças climáticas,Em perigo,América do Sul,1989,Em perigo
Tigre Indochinês,Poluição,Em perigo,América do Sul,1965,Vulnerável
Zebra de Grevy,Outros,Quase ameaçado,Ásia,1938,Em perigo
Leão,Poluição,Em perigo,América do Norte,1908,Vulnerável
Zebra,Poluição,Crítico,América do Sul,1954,Crítico
Gorila-da-montanha,Mudanças climáticas,Crítico,Europa,1934,Quase ameaçado
Elefante Asiático,Perda de habitat,Quase ameaçado,Ásia,1910,Menos preocupante
Leão Africano,Poluição,Crítico,Oceania,1908,Quase ameaçado
Águia,Mudanças climáticas,Em perigo,Europa,1939,Crítico
Macaco-de-cheiro,Poluição,Quase ameaçado,América do Sul,2011,Crítico
Tigre,Outros,Em perigo,Europa,1982,Vulnerável
Girafa Reticulada,Outros,Quase ameaçado,América do Sul,1932,Quase ameaçado
Lince de cabeça curvada,Mudanças climáticas,Crítico,América do Norte,2001,Menos preocupante
Lince de cabeça curvada,Caça ilegal,Crítico,Oceania,1952,Crítico
Panda Gigante,Mudanças climáticas,Menos preocupante,Europa,1905,Menos preocupante
Canguru Vermelho,Poluição,Vulnerável,África,1984,Em perigo
Canguru Vermelho,Mudanças climáticas,Vulnerável,Europa,1948,Quase ameaçado
Macaco,Mudanças climáticas,Em perigo,América do Norte,1930,Quase ameaçado
Urso Negro Americano,Poluição,Em perigo,Europa,1990,Vulnerável
Girafa Reticulada,Perda de habitat,Quase ameaçado,América do Norte,2005,Em perigo
Zebra,Outros,Crítico,América do Sul,1958,Quase ameaçado
Búfalo Africano,Perda de habitat,Quase ameaçado,América do Norte,1979,Crítico
Zebra de Grevy,Mudanças climáticas,Crítico,Ásia,1910,Vulnerável
Leão,Caça ilegal,Vulnerável,África,1969,Vulnerável
Robalo Branco,Outros,Crítico,América do Norte,1904,Em perigo
Cervo Branco,Mudanças climáticas,Em perigo,África,2023,Quase ameaçado
Gorila-das-planícies,Perda de habitat,Menos preocupante,América do Norte,2008,Quase ameaçado
Gorila-da-montanha,Mudanças climáticas,Quase ameaçado,América do Norte,2002,Vulnerável
Macaco-barrigudo,Mudanças climáticas,Menos preocupante,Ásia,2005,Vulnerável
Lince Robalo,Mudanças climáticas,Em perigo,América do Norte,1918,Em perigo
Águia Real,Mudanças climáticas,Vulnerável,Oceania,1936,Em perigo
Cervo Branco,Outros,Em perigo,América do Sul,2013,Quase ameaçado
Panda Vermelho,Caça ilegal,Crítico,Oceania,1952,Crítico
Macaco,Perda de habitat,Vulnerável,Europa,1936,Em perigo
Crocodilo Cubano,Mudanças climáticas,Quase ameaçado,América do Norte,1906,Crítico
Crocodilo de Água Salgada,Mudanças climáticas,Crítico,Ásia,1923,Vulnerável
Canguru Cinza,Mudanças climáticas,Em perigo,Ásia,1917,Vulnerável
Gorila-da-montanha,Perda de habitat,Crítico,África,1916,Crítico
Cervo,Perda de habitat,Em perigo,Europa,1942,Menos preocupante
Leão Africano,Outros,Vulnerável,Europa,1954,Quase ameaçado
Leão,Caça ilegal,Quase ameaçado,América do Norte,1998,Quase ameaçado
Tigre,Perda de habitat,Crítico,Europa,2021,Menos preocupante
Águia-de-cabeça-branca,Poluição,Vulnerável,África,2009,Vulnerável
Tigre,Perda de habitat,Crítico,Oceania,1923,Menos preocupante
Elefante de Sumatra,Mudanças climáticas,Menos preocupante,Ásia,1935,Vulnerável
Tartaruga,Mudanças climáticas,Menos preocupante,Oceania,1944,Quase ameaçado
Cervo,Perda de habitat,Menos preocupante,Europa,1996,Quase ameaçado
Macaco-barrigudo,Perda de habitat,Crítico,Ásia,1943,Crítico
Lince de cabeça curvada,Perda de habitat,Crítico,América do Sul,1924,Vulnerável
Lince Canadense,Perda de habitat,Crítico,Ásia,1926,Crítico
Urso Negro Americano,Caça ilegal,Quase ameaçado,Ásia,1970,Quase ameaçado
Tartaruga,Caça ilegal,Crítico,Europa,1957,Quase ameaçado
Arara,Mudanças climáticas,Vulnerável,América do Sul,1917,Menos preocupante
Elefante Africano,Mudanças climáticas,Em perigo,América do Sul,1925,Vulnerável
Robalo de Mangue,Poluição,Quase ameaçado,Oceania,1938,Crítico
Águia Real,Caça ilegal,Quase ameaçado,Ásia,1960,Quase ameaçado
Tartaruga-de-couro,Perda de habitat,Vulnerável,Oceania,1950,Em perigo
Tigre Malayo,Outros,Menos preocupante,América do Sul,1922,Menos preocupante
Zebra das Planícies,Outros,Em perigo,América do Sul,1979,Quase ameaçado
Zebra das Planícies,Caça ilegal,Crítico,Oceania,1904,Em perigo
Hipopótamo-pigmeu,Caça ilegal,Em perigo,Europa,1906,Quase ameaçado
Zebra,Caça ilegal,Quase ameaçado,América do Norte,1956,Em perigo
Águia-de-krüger,Outros,Em perigo,África,2003,Em perigo
Lince Europeu,Outros,Quase ameaçado,Oceania,1900,Crítico
Águia Real,Perda de habitat,Quase ameaçado,América do Norte,1934,Em perigo
Urso,Caça ilegal,Menos preocupante,África,2017,Em perigo
Búfalo Africano,Mudanças climáticas,Quase ameaçado,América do Norte,2008,Menos preocupante
Zebra,Poluição,Crítico,Europa,1922,Vulnerável
Macaco-de-cheiro,Perda de habitat,Menos preocupante,Oceania,2005,Em perigo
Águia-das-barrancas,Poluição,Em perigo,América do Sul,1960,Vulnerável
Macaco-aranha,Perda de habitat,Vulnerável,Europa,1947,Quase ameaçado
Canguru,Perda de habitat,Crítico,América do Norte,1983,Crítico
Tartaruga-de-papo-amarelo,Poluição,Crítico,Europa,2018,Crítico
Robalo Branco,Poluição,Em perigo,América do Sul,1956,Vulnerável
Girafa Reticulada,Mudanças climáticas,Em perigo,América do Norte,1985,Vulnerável
Elefante Asiático,Perda de habitat,Quase ameaçado,América do Sul,1969,Em perigo
Cervo Branco,Caça ilegal,Quase ameaçado,Ásia,1950,Vulnerável
Tigre de Bengala,Caça ilegal,Em perigo,América do Norte,1918,Em perigo
Tigre Malayo,Caça ilegal,Em perigo,América do Norte,1953,Quase ameaçado
Girafa Reticulada,Outros,Quase ameaçado,Ásia,1978,Em perigo
Lobo Cinzento,Poluição,Menos preocupante,Europa,2021,Crítico
Arara Azul,Mudanças climáticas,Quase ameaçado,Ásia,2023,Vulnerável
Leão Asiático,Perda de habitat,Crítico,África,1975,Em perigo
Canguru,Caça ilegal,Crítico,Ásia,1941,Em perigo
Tigre Indochinês,Outros,Em perigo,África,1906,Menos preocupante
Elefante Africano,Poluição,Vulnerável,Oceania,1904,Em perigo
Lobo Vermelho,Mudanças climáticas,Em perigo,América do Sul,1926,Quase ameaçado
Panda,Mudanças climáticas,Vulnerável,Oceania,1985,Vulnerável
Gorila-das-planícies,Outros,Quase ameaçado,África,1913,Quase ameaçado
Crocodilo,Poluição,Menos preocupante,América do Norte,2017,Crítico
Tartaruga-mexicana,Caça ilegal,Vulnerável,Ásia,2016,Menos preocupante
Crocodilo do Nilo,Perda de habitat,Quase ameaçado,Oceania,1979,Vulnerável
Cervo,Perda de habitat,Quase ameaçado,Oceania,1931,Em perigo
Canguru Vermelho,Mudanças climáticas,Quase ameaçado,América do Sul,1960,Em perigo
Zebra de Grevy,Outros,Em perigo,Europa,1975,Vulnerável
Robalo de Mangue,Mudanças climáticas,Em perigo,Europa,1963,Crítico
Panda,Perda de habitat,Crítico,América do Sul,2007,Em perigo
Zebra de Grevy,Caça ilegal,Menos preocupante,Ásia,2018,Em perigo
Lince Robalo,Perda de habitat,Crítico,Ásia,1904,Em perigo
Leão,Caça ilegal,Menos preocupante,Ásia,1952,Menos preocupante
Águia-das-barrancas,Poluição,Crítico,Oceania,2023,Em perigo
Urso Negro Americano,Outros,Quase ameaçado,Ásia,1996,Quase ameaçado
Zebra de Montanha,Poluição,Crítico,Ásia,2006,Vulnerável
Zebra de Grevy,Mudanças climáticas,Em perigo,América do Norte,2020,Vulnerável
Urso Kodiak,Outros,Crítico,América do Sul,1911,Em perigo
Arara Azul,Perda de habitat,Quase ameaçado,Europa,1932,Em perigo
Crocodilo Cubano,Poluição,Menos preocupante,América do Norte,1927,Quase ameaçado
Panda Vermelho,Poluição,Vulnerável,Oceania,1910,Quase ameaçado
Lince Robalo,Mudanças climáticas,Vulnerável,América do Sul,2015,Em perigo
Robalo Branco,Outros,Em perigo,Ásia,1902,Menos preocupante
Leão,Perda de habitat,Vulnerável,África,1977,Em perigo
Tigre de Bengala,Poluição,Vulnerável,Europa,1940,Crítico
Cervo Branco,Mudanças climáticas,Crítico,África,1963,Menos preocupante
Leão Africano,Outros,Vulnerável,Oceania,1949,Crítico
Lince de cabeça curvada,Mudanças climáticas,Menos preocupante,Ásia,1958,Crítico
Águia,Poluição,Menos preocupante,Ásia,1969,Crítico
Arara-de-barriga-amarela,Perda de habitat,Em perigo,América do Sul,1987,Em perigo
Hipopótamo-pigmeu,Caça ilegal,Crítico,África,1986,Menos preocupante
Cervo Sika,Mudanças climáticas,Quase ameaçado,Europa,2021,Quase ameaçado
Leão Africano,Perda de habitat,Vulnerável,América do Sul,1989,Menos preocupante
Lince de cabeça curvada,Poluição,Em perigo,Europa,1917,Em perigo
Elefante Africano,Perda de habitat,Menos preocupante,África,1913,Vulnerável
Águia Real,Poluição,Menos preocupante,Oceania,2005,Em perigo
Lince Ibérico,Mudanças climáticas,Vulnerável,América do Norte,1957,Em perigo
Búfalo Africano,Caça ilegal,Quase ameaçado,Ásia,1937,Quase ameaçado
Gorila-cross river,Mudanças climáticas,Vulnerável,América do Norte,1909,Crítico
Tartaruga-de-pente,Mudanças climáticas,Quase ameaçado,África,2022,Vulnerável
Elefante Asiático,Outros,Crítico,Ásia,1980,Em perigo
Búfalo Africano,Outros,Quase ameaçado,América do Norte,1940,Em perigo
Urso Negro Americano,Mudanças climáticas,Quase ameaçado,Oceania,1923,Crítico
Arara-de-cabeça-azul,Perda de habitat,Crítico,América do Norte,1962,Menos preocupante
Tartaruga,Mudanças climáticas,Menos preocupante,África,1910,Quase ameaçado
Urso,Caça ilegal,Vulnerável,Ásia,2012,Menos preocupante
Gorila-da-montanha,Outros,Em perigo,Europa,1983,Em perigo
Cervo Branco,Caça ilegal,Vulnerável,Europa,1945,Crítico
Tartaruga-de-couro,Caça ilegal,Vulnerável,América do Sul,1912,Vulnerável
Girafa de Masai,Poluição,Quase ameaçado,Ásia,2000,Quase ameaçado
Lince Robalo,Outros,Vulnerável,Europa,1981,Em perigo
Cervo Branco,Caça ilegal,Vulnerável,Ásia,2015,Em perigo
Cervo Vermelho,Outros,Em perigo,África,2015,Vulnerável
Macaco-aranha,Mudanças climáticas,Vulnerável,África,1922,Quase ameaçado
Macaco-barrigudo,Mudanças climáticas,Em perigo,América do Sul,1999,Quase ameaçado
Macaco-barrigudo,Outros,Crítico,América do Sul,1985,Em perigo
Macaco-prego,Poluição,Vulnerável,África,1909,Quase ameaçado
Tigre Malayo,Caça ilegal,Menos preocupante,Oceania,1966,Crítico
Macaco,Outros,Crítico,América do Norte,1974,Em perigo
Canguru Albino,Caça ilegal,Quase ameaçado,Ásia,2013,Quase ameaçado
Tartaruga-de-pente,Outros,Vulnerável,Oceania,1906,Crítico
Tartaruga,Caça ilegal,Crítico,América do Sul,1903,Em perigo
Águia,Perda de habitat,Vulnerável,América do Sul,1988,Menos preocupante
Zebra das Planícies,Outros,Crítico,América do Sul,1982,Quase ameaçado
Panda Vermelho,Caça ilegal,Quase ameaçado,Oceania,2022,Crítico
Urso Kodiak,Caça ilegal,Quase ameaçado,América do Norte,1977,Menos preocupante
Lince Robalo,Caça ilegal,Em perigo,América do Sul,1991,Vulnerável
Macaco-prego,Perda de habitat,Vulnerável,América do Sul,2001,Menos preocupante
Zebra de Grevy,Poluição,Crítico,Europa,1919,Menos preocupante
Tartaruga,Perda de habitat,Menos preocupante,África,1954,Vulnerável
Lobo Cinzento,Mudanças climáticas,Quase ameaçado,África,2018,Quase ameaçado
Búfalo,Poluição,Vulnerável,África,1923,Vulnerável
Robalo de Mangue,Poluição,Quase ameaçado,África,1928,Quase ameaçado
Lince de cabeça curvada,Caça ilegal,Em perigo,América do Sul,1948,Vulnerável
Macaco-de-cheiro,Poluição,Menos preocupante,África,1998,Em perigo
Urso Kodiak,Perda de habitat,Quase ameaçado,Ásia,1926,Menos preocupante
Lince Ibérico,Outros,Vulnerável,América do Sul,1902,Quase ameaçado
Lobo,Caça ilegal,Vulnerável,África,1938,Crítico
Lobo,Poluição,Em perigo,América do Sul,1943,Menos preocupante
Elefante Asiático,Mudanças climáticas,Menos preocupante,Europa,1925,Vulnerável
Robalo de Mangue,Perda de habitat,Crítico,África,1933,Menos preocupante
Zebra das Planícies,Caça ilegal,Em perigo,América do Sul,2001,Menos preocupante
Leão,Mudanças climáticas,Em perigo,Europa,1905,Vulnerável
Zebra,Outros,Crítico,América do Sul,2012,Quase ameaçado
Cervo,Outros,Vulnerável,Europa,1998,Menos preocupante
Canguru,Outros,Menos preocupante,Oceania,1973,Crítico
Macaco-de-cheiro,Outros,Crítico,América do Norte,1980,Quase ameaçado
Arara Azul,Outros,Quase ameaçado,Europa,1987,Menos preocupante
Elefante Indiano,Perda de habitat,Vulnerável,Ásia,1965,Quase ameaçado
Girafa de Masai,Perda de habitat,Em perigo,Oceania,1900,Em perigo
Macaco-prego,Caça ilegal,Quase ameaçado,América do Norte,1934,Em perigo
Tartaruga-de-pente,Caça ilegal,Vulnerável,África,1970,Menos preocupante
Tigre Siberiano,Perda de habitat,Vulnerável,África,1959,Em perigo
Tigre Malayo,Perda de habitat,Crítico,América do Norte,2022,Em perigo
Arara-de-barriga-amarela,Outros,Vulnerável,Europa,1945,Em perigo
Gorila-da-montanha,Outros,Crítico,Ásia,1908,Vulnerável
Gorila-cross river,Caça ilegal,Menos preocupante,África,1999,Vulnerável
Robalo de Costa,Mudanças climáticas,Crítico,Europa,1924,Em perigo
Robalo Amarelo,Outros,Quase ameaçado,Ásia,2015,Menos preocupante
Tartaruga-de-papo-amarelo,Perda de habitat,Menos preocupante,África,1973,Menos preocupante
Robalo de Costa,Poluição,Vulnerável,Ásia,1914,Vulnerável
Águia-das-barrancas,Perda de habitat,Em perigo,África,2001,Menos preocupante
Tartaruga,Caça ilegal,Crítico,América do Norte,1940,Menos preocupante
Panda Vermelho,Outros,Em perigo,Oceania,1968,Menos preocupante
Girafa Reticulada,Caça ilegal,Em perigo,África,1933,Menos preocupante
Girafa de Rothschild,Poluição,Em perigo,Ásia,1904,Crítico
Macaco-prego,Outros,Vulnerável,América do Sul,1983,Crítico
Águia-de-cabeça-branca,Perda de habitat,Quase ameaçado,América do Norte,1957,Quase ameaçado
Robalo de Mangue,Caça ilegal,Vulnerável,Ásia,2006,Vulnerável
Arara Vermelha,Perda de habitat,Em perigo,América do Norte,1943,Em perigo
Urso Negro Americano,Perda de habitat,Crítico,América do Sul,1951,Em perigo
Girafa de Rothschild,Caça ilegal,Em perigo,Europa,1922,Crítico
Tartaruga-de-couro,Poluição,Em perigo,América do Norte,1916,Quase ameaçado
Panda Gigante,Caça ilegal,Em perigo,América do Sul,1910,Menos preocupante
Crocodilo do Nilo,Outros,Vulnerável,América do Norte,1933,Menos preocupante
Cervo,Perda de habitat,Vulnerável,América do Sul,1997,Em perigo
Cervo de Cauda Branca,Poluição,Em perigo,Oceania,1958,Quase ameaçado
Arara Vermelha,Caça ilegal,Quase ameaçado,Oceania,1913,Quase ameaçado
Arara Vermelha,Poluição,Quase ameaçado,Oceania,1934,Menos preocupante
Macaco,Caça ilegal,Vulnerável,Europa,2018,Quase ameaçado
Tigre,Caça ilegal,Menos preocupante,África,1968,Em perigo
Leão Africano,Poluição,Menos preocupante,África,1904,Quase ameaçado
Robalo de Mangue,Outros,Quase ameaçado,América do Sul,1968,Quase ameaçado
Águia-de-cabeça-branca,Mudanças climáticas,Menos preocupante,América do Sul,2023,Menos preocupante
Robalo Branco,Outros,Em perigo,América do Norte,2006,Menos preocupante
Tigre Malayo,Perda de habitat,Menos preocupante,Ásia,1935,Quase ameaçado
Canguru,Caça ilegal,Em perigo,África,1985,Menos preocupante
Gorila-das-planícies,Caça ilegal,Vulnerável,América do Norte,1921,Menos preocupante
Hipopótamo-comum,Poluição,Crítico,Oceania,2017,Vulnerável
Águia Real,Poluição,Menos preocupante,Europa,1990,Crítico
Águia-de-krüger,Perda de habitat,Quase ameaçado,América do Sul,1990,Vulnerável
Macaco-barrigudo,Caça ilegal,Quase ameaçado,Europa,2015,Vulnerável
Cervo de Cauda Branca,Poluição,Crítico,Europa,1936,Crítico
Canguru Cinza,Mudanças climáticas,Em perigo,América do Sul,1979,Vulnerável
Macaco-aranha,Outros,Crítico,Ásia,1962,Vulnerável
Urso,Perda de habitat,Quase ameaçado,África,1917,Quase ameaçado
Lince,Outros,Em perigo,Oceania,1903,Quase ameaçado
Tigre,Outros,Crítico,Ásia,1993,Vulnerável
Lince Europeu,Outros,Vulnerável,Ásia,1955,Quase ameaçado
Águia Real,Mudanças climáticas,Em perigo,América do Sul,1960,Quase ameaçado
Águia-de-krüger,Caça ilegal,Em perigo,Ásia,1954,Em perigo
Hipopótamo-comum,Mudanças climáticas,Vulnerável,Ásia,1954,Em perigo
Girafa Reticulada,Poluição,Crítico,América do Sul,1978,Menos preocupante
Tigre Indochinês,Caça ilegal,Em perigo,África,1904,Crítico
Robalo de Costa,Outros,Vulnerável,Oceania,1974,Quase ameaçado
Robalo,Perda de habitat,Quase ameaçado,Europa,1913,Em perigo
Lince de cabeça curvada,Caça ilegal,Em perigo,Ásia,2004,Menos preocupante
Crocodilo,Caça ilegal,Vulnerável,Europa,1925,Quase ameaçado
Girafa Reticulada,Mudanças climáticas,Quase ameaçado,América do Sul,1919,Quase ameaçado
Tigre de Bengala,Mudanças climáticas,Em perigo,Europa,2014,Em perigo
Gorila,Outros,Vulnerável,África,1961,Menos preocupante
Tigre,Perda de habitat,Menos preocupante,América do Norte,1959,Menos preocupante
Crocodilo do Nilo,Outros,Menos preocupante,América do Norte,1968,Crítico
Tigre Malayo,Outros,Vulnerável,Europa,1961,Crítico
Hipopótamo-comum,Outros,Quase ameaçado,América do Norte,1979,Quase ameaçado
Robalo Branco,Mudanças climáticas,Menos preocupante,Ásia,1998,Vulnerável
Búfalo,Perda de habitat,Em perigo,Europa,1913,Menos preocupante
Hipopótamo-pigmeu,Outros,Crítico,América do Norte,1988,Crítico
Canguru Vermelho,Mudanças climáticas,Em perigo,África,1905,Crítico
Tigre Malayo,Poluição,Em perigo,Ásia,1985,Quase ameaçado
Arara,Mudanças climáticas,Quase ameaçado,Oceania,1969,Em perigo
Crocodilo,Mudanças climáticas,Em perigo,América do Norte,1974,Quase ameaçado
Arara-de-barriga-amarela,Poluição,Crítico,América do Norte,1960,Crítico
Águia,Outros,Crítico,África,1923,Quase ameaçado
Tigre Indochinês,Caça ilegal,Em perigo,Oceania,1958,Vulnerável
Lince Canadense,Caça ilegal,Menos preocupante,América do Norte,1991,Quase ameaçado
Zebra,Outros,Menos preocupante,África,2000,Crítico
Tartaruga-de-pente,Perda de habitat,Em perigo,África,1932,Crítico
Arara Azul,Poluição,Crítico,África,1962,Quase ameaçado
Gorila-das-planícies,Mudanças climáticas,Quase ameaçado,Europa,1928,Vulnerável
Gorila-das-planícies,Poluição,Crítico,Oceania,1965,Menos preocupante
Urso Negro Americano,Outros,Menos preocupante,América do Norte,1984,Em perigo
Crocodilo de Água Salgada,Poluição,Menos preocupante,África,1957,Vulnerável
Canguru,Perda de habitat,Vulnerável,América do Sul,1998,Quase ameaçado
Lince,Outros,Vulnerável,Oceania,1943,Crítico
Cervo Vermelho,Caça ilegal,Quase ameaçado,África,2011,Vulnerável
Lince de cabeça curvada,Perda de habitat,Quase ameaçado,África,2017,Vulnerável
Girafa Reticulada,Outros,Menos preocupante,Europa,1903,Vulnerável
Canguru,Caça ilegal,Em perigo,América do Norte,1921,Crítico
Lobo Cinzento,Outros,Vulnerável,América do Sul,1981,Em perigo
Girafa de Masai,Mudanças climáticas,Quase ameaçado,América do Norte,1966,Em perigo
Arara-de-barriga-amarela,Outros,Crítico,América do Norte,1903,Menos preocupante
Elefante Indiano,Caça ilegal,Quase ameaçado,África,1980,Vulnerável
Canguru Vermelho,Outros,Crítico,África,1979,Crítico
Lince Canadense,Poluição,Menos preocupante,Ásia,2003,Em perigo
Girafa de Masai,Outros,Menos preocupante,África,1961,Crítico
Macaco-barrigudo,Outros,Quase ameaçado,América do Norte,2000,Em perigo
Macaco-aranha,Mudanças climáticas,Vulnerável,América do Sul,1942,Menos preocupante
Crocodilo Cubano,Caça ilegal,Quase ameaçado,América do Norte,1974,Em perigo
Hipopótamo-comum,Outros,Menos preocupante,América do Sul,2006,Quase ameaçado
Arara Azul,Poluição,Menos preocupante,África,1994,Crítico
Gorila-cross river,Mudanças climáticas,Quase ameaçado,Ásia,1961,Quase ameaçado
Hipopótamo-comum,Mudanças climáticas,Crítico,América do Sul,1945,Em perigo
Arara,Mudanças climáticas,Em perigo,África,1952,Vulnerável
Canguru Albino,Poluição,Em perigo,Ásia,1964,Menos preocupante
Lobo Cinzento,Perda de habitat,Menos preocupante,Ásia,1928,Crítico
Águia Real,Caça ilegal,Menos preocupante,América do Norte,2004,Quase ameaçado
Águia Real,Mudanças climáticas,Vulnerável,América do Sul,1985,Em perigo
Lince Europeu,Poluição,Vulnerável,África,1914,Em perigo
Girafa,Caça ilegal,Vulnerável,América do Norte,1993,Crítico
Gorila,Perda de habitat,Crítico,América do Sul,2013,Menos preocupante
Lince Ibérico,Perda de habitat,Menos preocupante,Oceania,1977,Em perigo
Elefante de Sumatra,Caça ilegal,Crítico,América do Norte,1953,Crítico
Gorila,Poluição,Menos preocupante,Oceania,1991,Menos preocupante
Lince Robalo,Caça ilegal,Crítico,Oceania,1920,Vulnerável
Elefante Asiático,Mudanças climáticas,Vulnerável,América do Sul,1973,Menos preocupante
Girafa,Caça ilegal,Vulnerável,Europa,2019,Crítico
Macaco-aranha,Perda de habitat,Quase ameaçado,América do Norte,1918,Menos preocupante
Zebra das Planícies,Perda de habitat,Vulnerável,América do Norte,1983,Vulnerável
Robalo Amarelo,Mudanças climáticas,Vulnerável,América do Sul,1999,Em perigo
Arara-de-cabeça-azul,Outros,Crítico,América do Sul,1998,Vulnerável
Tartaruga-de-couro,Poluição,Vulnerável,África,1904,Vulnerável
Canguru Cinza,Mudanças climáticas,Crítico,Oceania,1962,Quase ameaçado
Águia-de-cabeça-branca,Poluição,Em perigo,Oceania,1984,Quase ameaçado
Tigre Siberiano,Caça ilegal,Crítico,Ásia,1912,Menos preocupante
Hipopótamo-pigmeu,Caça ilegal,Em perigo,América do Sul,1969,Vulnerável
Cervo Vermelho,Mudanças climáticas,Crítico,América do Sul,1956,Quase ameaçado
Tigre de Bengala,Poluição,Em perigo,América do Norte,1933,Em perigo
Girafa de Rothschild,Poluição,Menos preocupante,Ásia,1985,Crítico
Crocodilo Cubano,Perda de habitat,Crítico,África,1924,Crítico
Tigre Malayo,Poluição,Crítico,Oceania,1938,Menos preocupante
Águia-de-krüger,Outros,Quase ameaçado,Oceania,1991,Vulnerável
Leão,Mudanças climáticas,Quase ameaçado,África,1974,Menos preocupante
Girafa de Masai,Outros,Menos preocupante,América do Sul,1951,Quase ameaçado
Lobo Vermelho,Poluição,Menos preocupante,América do Norte,1956,Menos preocupante
Elefante Indiano,Caça ilegal,Menos preocupante,América do Norte,1951,Quase ameaçado
Arara-de-cabeça-azul,Caça ilegal,Em perigo,África,1939,Quase ameaçado
Arara-de-cabeça-azul,Outros,Quase ameaçado,Europa,2007,Vulnerável
Hipopótamo-pigmeu,Outros,Crítico,Europa,1913,Quase ameaçado
Elefante Indiano,Outros,Crítico,Ásia,1929,Crítico
Robalo Branco,Caça ilegal,Menos preocupante,América do Sul,1988,Vulnerável
Urso Kodiak,Mudanças climáticas,Menos preocupante,Oceania,1979,Vulnerável
Gorila-da-montanha,Poluição,Em perigo,África,1923,Crítico
Leão Asiático,Perda de habitat,Crítico,América do Norte,2001,Vulnerável
Tartaruga-mexicana,Mudanças climáticas,Em perigo,Oceania,2020,Crítico
Tigre Indochinês,Outros,Menos preocupante,Ásia,1923,Crítico
Zebra,Poluição,Em perigo,Ásia,1976,Vulnerável
Tigre Siberiano,Perda de habitat,Menos preocupante,África,1962,Em perigo
Robalo,Poluição,Quase ameaçado,Europa,1972,Menos preocupante
Canguru Vermelho,Caça ilegal,Quase ameaçado,Europa,1997,Em perigo
Tigre Indochinês,Mudanças climáticas,Vulnerável,América do Norte,1939,Crítico
Hipopótamo,Caça ilegal,Menos preocupante,América do Sul,1951,Quase ameaçado
Águia,Perda de habitat,Crítico,África,1965,Menos preocupante
Lince Canadense,Outros,Crítico,África,1975,Vulnerável
Robalo,Caça ilegal,Vulnerável,América do Norte,1911,Em perigo
Crocodilo,Outros,Quase ameaçado,Oceania,1966,Em perigo
Girafa,Outros,Menos preocupante,América do Norte,1968,Vulnerável
Lince,Caça ilegal,Vulnerável,Oceania,2023,Crítico
Lince Robalo,Outros,Menos preocupante,África,1980,Menos preocupante
Macaco-aranha,Outros,Vulnerável,América do Norte,1950,Quase ameaçado
Canguru Cinza,Poluição,Crítico,América do Norte,2023,Crítico
Canguru Cinza,Outros,Menos preocupante,América do Norte,1996,Menos preocupante
Gorila,Perda de habitat,Menos preocupante,África,1927,Em perigo
Tigre de Bengala,Outros,Menos preocupante,Ásia,1921,Crítico
Lince de cabeça curvada,Caça ilegal,Em perigo,Europa,2019,Vulnerável
Cervo Sika,Poluição,Quase ameaçado,América do Norte,1905,Quase ameaçado
Cervo de Cauda Branca,Caça ilegal,Vulnerável,América do Sul,2013,Quase ameaçado
Zebra de Montanha,Mudanças climáticas,Crítico,Oceania,1931,Quase ameaçado
Girafa,Perda de habitat,Menos preocupante,Europa,1957,Crítico
Arara,Poluição,Quase ameaçado,Ásia,1932,Menos preocupante
Robalo Branco,Caça ilegal,Vulnerável,Ásia,2023,Menos preocupante
Águia-de-krüger,Caça ilegal,Menos preocupante,América do Norte,1901,Quase ameaçado
Lobo Cinzento,Outros,Menos preocupante,África,2002,Quase ameaçado
Robalo de Mangue,Mudanças climáticas,Em perigo,África,1979,Quase ameaçado
Lince Canadense,Outros,Menos preocupante,América do Sul,1986,Em perigo
Panda Gigante,Poluição,Quase ameaçado,Europa,1974,Vulnerável
Crocodilo,Mudanças climáticas,Em perigo,América do Norte,1919,Em perigo
Lobo Vermelho,Poluição,Quase ameaçado,América do Norte,1939,Vulnerável
Lobo Cinzento,Perda de habitat,Quase ameaçado,Oceania,1969,Quase ameaçado
Zebra de Grevy,Perda de habitat,Vulnerável,África,1962,Em perigo
Tigre Siberiano,Caça ilegal,Quase ameaçado,África,1988,Em perigo
Lince Robalo,Perda de habitat,Crítico,Ásia,1972,Crítico
Urso,Outros,Crítico,Oceania,1976,Crítico
Urso Pardo,Caça ilegal,Em perigo,América do Sul,1970,Em perigo
Tigre,Perda de habitat,Quase ameaçado,América do Sul,1983,Crítico
Tartaruga-de-papo-amarelo,Perda de habitat,Menos preocupante,Ásia,1974,Quase ameaçado
Panda Gigante,Outros,Vulnerável,Europa,1951,Vulnerável
Leão,Poluição,Vulnerável,Ásia,2023,Vulnerável
Canguru Cinza,Mudanças climáticas,Em perigo,Europa,1933,Menos preocupante
Cervo Sika,Mudanças climáticas,Quase ameaçado,África,1913,Crítico
Panda Gigante,Caça ilegal,Em perigo,América do Norte,1919,Em perigo
Lince Europeu,Perda de habitat,Quase ameaçado,África,1931,Quase ameaçado
Cervo Vermelho,Caça ilegal,Vulnerável,Ásia,1971,Crítico
Canguru Vermelho,Mudanças climáticas,Quase ameaçado,América do Norte,1933,Vulnerável
Águia-das-barrancas,Caça ilegal,Em perigo,Oceania,1951,Crítico
Girafa,Caça ilegal,Em perigo,Europa,1960,Vulnerável
Crocodilo de Água Salgada,Mudanças climáticas,Em perigo,Ásia,1964,Vulnerável
Águia,Caça ilegal,Vulnerável,América do Norte,1908,Em perigo
Águia,Outros,Menos preocupante,Europa,1978,Vulnerável
Canguru,Caça ilegal,Em perigo,América do Norte,1976,Vulnerável
Cervo de Cauda Branca,Outros,Em perigo,Ásia,1967,Vulnerável
Águia-das-barrancas,Perda de habitat,Quase ameaçado,Oceania,1943,Menos preocupante
Cervo Vermelho,Perda de habitat,Em perigo,Oceania,1917,Quase ameaçado
Robalo Amarelo,Outros,Quase ameaçado,América do Sul,2007,Crítico
Crocodilo de Água Salgada,Mudanças climáticas,Quase ameaçado,América do Norte,2014,Vulnerável
Urso Negro Americano,Mudanças climáticas,Crítico,Europa,1976,Quase ameaçado
Canguru Vermelho,Mudanças climáticas,Menos preocupante,Oceania,1997,Vulnerável
Zebra de Grevy,Caça ilegal,Menos preocupante,América do Norte,1909,Em perigo
Canguru Albino,Perda de habitat,Em perigo,América do Sul,1944,Menos preocupante
Hipopótamo-comum,Outros,Em perigo,América do Sul,2001,Vulnerável
Macaco-prego,Outros,Quase ameaçado,África,1933,Vulnerável
Cervo,Outros,Menos preocupante,Ásia,2019,Em perigo
Robalo de Costa,Mudanças climáticas,Vulnerável,África,2005,Vulnerável
Arara Vermelha,Mudanças climáticas,Crítico,Ásia,2002,Em perigo
Tartaruga-de-couro,Perda de habitat,Vulnerável,Ásia,1967,Menos preocupante
Águia Real,Outros,Quase ameaçado,África,1932,Em perigo
Lince de cabeça curvada,Caça ilegal,Menos preocupante,Oceania,1943,Em perigo
Lince Ibérico,Caça ilegal,Crítico,Oceania,1951,Vulnerável
Cervo,Outros,Vulnerável,América do Norte,1954,Menos preocupante
Crocodilo Cubano,Perda de habitat,Menos preocupante,África,1928,Em perigo
Crocodilo do Nilo,Outros,Quase ameaçado,Ásia,1902,Vulnerável
Cervo Branco,Poluição,Quase ameaçado,Ásia,1929,Quase ameaçado
Urso Negro Americano,Poluição,Menos preocupante,América do Sul,1980,Quase ameaçado
Canguru,Perda de habitat,Quase ameaçado,Oceania,1918,Vulnerável
Hipopótamo,Outros,Vulnerável,América do Sul,1901,Em perigo
Arara Vermelha,Poluição,Crítico,Ásia,2000,Em perigo
Tigre Indochinês,Outros,Crítico,Oceania,1938,Vulnerável
Urso Pardo,Poluição,Vulnerável,Ásia,1917,Menos preocupante
Elefante Asiático,Mudanças climáticas,Em perigo,América do Sul,1918,Menos preocupante
Girafa,Mudanças climáticas,Vulnerável,Ásia,1915,Menos preocupante
Lince Robalo,Perda de habitat,Menos preocupante,Europa,1989,Menos preocupante
Robalo de Mangue,Poluição,Em perigo,Ásia,1939,Menos preocupante
Gorila-cross river,Outros,Menos preocupante,África,2008,Em perigo
Zebra,Caça ilegal,Crítico,América do Sul,1901,Vulnerável
Gorila-cross river,Poluição,Menos preocupante,América do Norte,1951,Em perigo
Macaco,Outros,Menos preocupante,América do Sul,1934,Quase ameaçado
Elefante Indiano,Perda de habitat,Menos preocupante,América do Norte,1956,Menos preocupante
Zebra das Planícies,Outros,Menos preocupante,Oceania,1947,Em perigo
Gorila-da-montanha,Perda de habitat,Crítico,América do Norte,1963,Quase ameaçado
Águia-das-barrancas,Poluição,Menos preocupante,Ásia,1943,Quase ameaçado
Girafa de Rothschild,Mudanças climáticas,Em perigo,América do Sul,2020,Menos preocupante
Cervo Sika,Perda de habitat,Menos preocupante,África,1968,Em perigo
Hipopótamo-comum,Outros,Quase ameaçado,América do Norte,1956,Crítico
Urso Kodiak,Mudanças climáticas,Quase ameaçado,África,1994,Vulnerável
Robalo Amarelo,Outros,Menos preocupante,Europa,1913,Menos preocupante
Elefante de Sumatra,Mudanças climáticas,Vulnerável,Oceania,1956,Em perigo
Tartaruga-de-pente,Caça ilegal,Quase ameaçado,Ásia,1988,Crítico
Hipopótamo-comum,Mudanças climáticas,Em perigo,América do Sul,1921,Menos preocupante
Crocodilo Cubano,Outros,Quase ameaçado,América do Norte,2001,Crítico
Lobo,Perda de habitat,Crítico,América do Sul,1944,Em perigo
Leão Asiático,Perda de habitat,Quase ameaçado,Oceania,2012,Menos preocupante
Lobo Vermelho,Outros,Menos preocupante,América do Sul,1966,Crítico
Tigre Malayo,Outros,Crítico,Oceania,1949,Em perigo
Tigre de Bengala,Poluição,Quase ameaçado,África,1999,Quase ameaçado
Crocodilo do Nilo,Caça ilegal,Em perigo,América do Sul,1912,Quase ameaçado
Hipopótamo,Perda de habitat,Menos preocupante,América do Sul,2018,Menos preocupante
Zebra das Planícies,Perda de habitat,Menos preocupante,Ásia,1950,Quase ameaçado
Canguru Albino,Caça ilegal,Crítico,Ásia,1974,Crítico
Tigre,Outros,Vulnerável,Europa,1929,Vulnerável
Cervo Sika,Perda de habitat,Vulnerável,África,2020,Em perigo
Tartaruga-mexicana,Perda de habitat,Crítico,Oceania,1958,Quase ameaçado
Zebra,Mudanças climáticas,Em perigo,Ásia,2006,Menos preocupante
Cervo Sika,Perda de habitat,Quase ameaçado,Europa,2005,Em perigo
Canguru Vermelho,Caça ilegal,Em perigo,África,1945,Quase ameaçado
Hipopótamo,Perda de habitat,Menos preocupante,América do Sul,1953,Menos preocupante
Girafa de Masai,Caça ilegal,Vulnerável,África,1951,Crítico
Elefante Asiático,Perda de habitat,Quase ameaçado,África,1998,Quase ameaçado
Tigre Siberiano,Poluição,Em perigo,África,1955,Em perigo
Gorila-da-montanha,Mudanças climáticas,Vulnerável,América do Sul,1938,Vulnerável
Cervo,Perda de habitat,Quase ameaçado,Ásia,2006,Em perigo
Gorila-das-planícies,Caça ilegal,Menos preocupante,Oceania,1983,Em perigo
Elefante Indiano,Poluição,Vulnerável,América do Sul,1976,Em perigo
Canguru Albino,Perda de habitat,Menos preocupante,América do Norte,2014,Em perigo
Panda Vermelho,Perda de habitat,Quase ameaçado,América do Sul,1959,Em perigo
Elefante Indiano,Perda de habitat,Crítico,América do Norte,1913,Em perigo
Canguru,Outros,Vulnerável,Oceania,1971,Crítico
Tigre,Perda de habitat,Quase ameaçado,América do Sul,2006,Menos preocupante
Arara,Mudanças climáticas,Menos preocupante,Europa,1951,Crítico
Urso,Outros,Crítico,Europa,1938,Em perigo
Elefante Indiano,Caça ilegal,Em perigo,Ásia,1995,Quase ameaçado
Hipopótamo-pigmeu,Perda de habitat,Quase ameaçado,América do Sul,1981,Menos preocupante
Macaco-barrigudo,Perda de habitat,Em perigo,África,2018,Em perigo
Macaco-de-cheiro,Caça ilegal,Crítico,África,1912,Menos preocupante
Zebra das Planícies,Outros,Vulnerável,Oceania,1904,Quase ameaçado
Urso Negro Americano,Perda de habitat,Menos preocupante,Ásia,1913,Crítico
Arara Azul,Caça ilegal,Vulnerável,África,1968,Em perigo
Canguru Cinza,Poluição,Vulnerável,Europa,1908,Quase ameaçado
Arara Azul,Outros,Vulnerável,África,2005,Em perigo
Lobo Vermelho,Outros,Menos preocupante,África,1926,Quase ameaçado
Macaco-aranha,Mudanças climáticas,Vulnerável,África,1940,Vulnerável
Canguru Vermelho,Perda de habitat,Menos preocupante,América do Sul,1942,Crítico
Lobo Vermelho,Mudanças climáticas,Menos preocupante,América do Sul,2019,Vulnerável
Tartaruga-de-pente,Perda de habitat,Menos preocupante,América do Sul,1960,Quase ameaçado
Macaco-aranha,Outros,Vulnerável,Europa,1933,Menos preocupante
Tigre de Bengala,Outros,Em perigo,África,2004,Crítico
Tartaruga-de-couro,Outros,Vulnerável,África,1984,Vulnerável
Macaco-barrigudo,Mudanças climáticas,Em perigo,Europa,1969,Em perigo
Girafa Reticulada,Perda de habitat,Menos preocupante,Europa,1963,Menos preocupante
Panda Gigante,Perda de habitat,Crítico,Oceania,2013,Em perigo
Girafa de Masai,Perda de habitat,Vulnerável,América do Sul,2009,Crítico
Águia-de-cabeça-branca,Perda de habitat,Crítico,Oceania,1922,Quase ameaçado
Tigre Indochinês,Outros,Em perigo,Oceania,1994,Crítico
Lince Ibérico,Perda de habitat,Vulnerável,América do Sul,1974,Quase ameaçado
Lince,Poluição,Vulnerável,África,1990,Vulnerável
Águia,Mudanças climáticas,Menos preocupante,América do Norte,1959,Crítico
Macaco-prego,Caça ilegal,Vulnerável,África,1991,Crítico
Macaco-barrigudo,Perda de habitat,Crítico,América do Sul,2000,Vulnerável
Lobo Cinzento,Caça ilegal,Quase ameaçado,África,1957,Em perigo
Cervo,Perda de habitat,Menos preocupante,Oceania,1991,Quase ameaçado
Canguru,Caça ilegal,Vulnerável,Oceania,1932,Quase ameaçado
Leão Asiático,Mudanças climáticas,Quase ameaçado,América do Sul,2002,Quase ameaçado
Gorila-cross river,Outros,Vulnerável,Oceania,1939,Crítico
Leão Asiático,Mudanças climáticas,Em perigo,Oceania,1969,Quase ameaçado
Cervo de Cauda Branca,Mudanças climáticas,Vulnerável,Europa,1911,Menos preocupante
Zebra,Outros,Crítico,Oceania,1944,Menos preocupante
Cervo Sika,Caça ilegal,Em perigo,América do Norte,1999,Menos preocupante
Arara-de-barriga-amarela,Caça ilegal,Quase ameaçado,América do Sul,1903,Quase ameaçado
Elefante Asiático,Outros,Vulnerável,Oceania,1930,Crítico
Hipopótamo-comum,Outros,Vulnerável,Oceania,1900,Quase ameaçado
Tigre Siberiano,Poluição,Quase ameaçado,América do Norte,1995,Em perigo
Girafa de Rothschild,Poluição,Crítico,Europa,1953,Quase ameaçado
Robalo de Costa,Mudanças climáticas,Crítico,América do Norte,1997,Crítico
Tartaruga-mexicana,Poluição,Menos preocupante,África,1922,Crítico
Lince Robalo,Caça ilegal,Quase ameaçado,Oceania,1982,Crítico
Panda,Mudanças climáticas,Em perigo,América do Sul,2004,Em perigo
Leão Asiático,Caça ilegal,Vulnerável,América do Norte,1903,Quase ameaçado
Crocodilo do Nilo,Outros,Menos preocupante,África,1977,Quase ameaçado
Zebra,Caça ilegal,Crítico,América do Norte,2005,Crítico
Panda Gigante,Caça ilegal,Em perigo,África,1938,Crítico
Lobo Cinzento,Outros,Em perigo,América do Norte,1920,Em perigo
Tigre de Bengala,Perda de habitat,Menos preocupante,Ásia,1943,Menos preocupante
Leão,Outros,Em perigo,América do Norte,1957,Quase ameaçado
Lince Ibérico,Poluição,Quase ameaçado,Oceania,1978,Vulnerável
Elefante Indiano,Mudanças climáticas,Menos preocupante,Europa,1975,Vulnerável
Urso Kodiak,Poluição,Vulnerável,Oceania,1915,Em perigo
Lince Canadense,Mudanças climáticas,Crítico,Ásia,1972,Vulnerável
Girafa de Rothschild,Outros,Crítico,Ásia,1967,Em perigo
Lince de cabeça curvada,Poluição,Quase ameaçado,América do Sul,1981,Menos preocupante
Tigre de Bengala,Caça ilegal,Vulnerável,África,2011,Crítico
Macaco-de-cheiro,Perda de habitat,Menos preocupante,América do Norte,1914,Quase ameaçado
Búfalo Africano,Poluição,Em perigo,Europa,1996,Menos preocupante
Zebra das Planícies,Caça ilegal,Quase ameaçado,Ásia,1909,Menos preocupante
Hipopótamo-pigmeu,Mudanças climáticas,Crítico,América do Sul,1976,Menos preocupante
Águia-das-barrancas,Mudanças climáticas,Crítico,Oceania,1946,Em perigo
Urso,Caça ilegal,Quase ameaçado,América do Sul,2002,Menos preocupante
Búfalo Asiático,Outros,Quase ameaçado,Oceania,1992,Quase ameaçado
Tigre Siberiano,Caça ilegal,Quase ameaçado,Ásia,1960,Crítico
Lobo,Perda de habitat,Quase ameaçado,Ásia,1930,Vulnerável
Lince Canadense,Outros,Quase ameaçado,América do Sul,1912,Crítico
Macaco-aranha,Poluição,Vulnerável,Oceania,1938,Vulnerável
Lince,Caça ilegal,Crítico,Europa,2012,Menos preocupante
Lobo Vermelho,Perda de habitat,Menos preocupante,Europa,2008,Vulnerável
Arara-de-barriga-amarela,Caça ilegal,Quase ameaçado,América do Sul,1922,Crítico
Elefante Asiático,Outros,Crítico,África,1935,Em perigo
Crocodilo do Nilo,Outros,Crítico,América do Norte,2007,Menos preocupante
Tigre Siberiano,Mudanças climáticas,Menos preocupante,Oceania,1901,Quase ameaçado
Tigre Malayo,Outros,Vulnerável,Oceania,2005,Crítico
Macaco-prego,Perda de habitat,Crítico,Ásia,1941,Menos preocupante
Tigre Indochinês,Caça ilegal,Quase ameaçado,Europa,1942,Menos preocupante
Macaco-prego,Perda de habitat,Menos preocupante,Ásia,1928,Menos preocupante
Lince Robalo,Outros,Em perigo,América do Sul,2001,Vulnerável
Cervo,Perda de habitat,Crítico,Ásia,1934,Em perigo
Canguru Albino,Perda de habitat,Crítico,África,1998,Menos preocupante
Gorila-cross river,Mudanças climáticas,Vulnerável,Oceania,2019,Em perigo
Cervo Sika,Outros,Crítico,América do Norte,1955,Menos preocupante
Tartaruga-de-papo-amarelo,Outros,Quase ameaçado,Europa,1960,Crítico
Cervo Branco,Caça ilegal,Crítico,Europa,1988,Menos preocupante
Macaco-prego,Perda de habitat,Em perigo,Ásia,1939,Menos preocupante
Lobo Vermelho,Perda de habitat,Quase ameaçado,Ásia,1998,Crítico
Lince Europeu,Outros,Quase ameaçado,África,1961,Menos preocupante
Macaco-aranha,Mudanças climáticas,Vulnerável,Ásia,1999,Quase ameaçado
Búfalo,Caça ilegal,Quase ameaçado,Ásia,1981,Menos preocupante
Elefante Indiano,Perda de habitat,Em perigo,África,1973,Em perigo
Robalo de Mangue,Poluição,Menos preocupante,América do Sul,1934,Crítico
Lince Robalo,Outros,Vulnerável,África,2022,Em perigo
Lobo Vermelho,Mudanças climáticas,Crítico,Ásia,1936,Vulnerável
Arara-de-cabeça-azul,Outros,Crítico,Europa,1916,Vulnerável
Tigre Indochinês,Outros,Em perigo,Oceania,1943,Em perigo
Cervo Branco,Caça ilegal,Quase ameaçado,Europa,1903,Crítico
Urso Negro Americano,Poluição,Vulnerável,África,1972,Menos preocupante
Robalo Amarelo,Perda de habitat,Menos preocupante,Ásia,1955,Vulnerável
Crocodilo do Nilo,Outros,Em perigo,Ásia,1941,Crítico
Zebra de Grevy,Caça ilegal,Em perigo,Ásia,1919,Crítico
Hipopótamo-pigmeu,Mudanças climáticas,Crítico,Europa,1954,Crítico
Águia-de-cabeça-branca,Mudanças climáticas,Menos preocupante,Oceania,1943,Quase ameaçado
Cervo de Cauda Branca,Outros,Crítico,América do Norte,1997,Em perigo
Zebra de Grevy,Mudanças climáticas,Crítico,África,1930,Menos preocupante
Canguru Vermelho,Caça ilegal,Quase ameaçado,Ásia,1908,Crítico
Zebra de Grevy,Outros,Vulnerável,África,1910,Em perigo
Águia-das-barrancas,Poluição,Quase ameaçado,Ásia,1942,Em perigo
Tigre Siberiano,Mudanças climáticas,Menos preocupante,Oceania,1992,Quase ameaçado
Crocodilo,Poluição,Vulnerável,Europa,1962,Quase ameaçado
Cervo Branco,Outros,Menos preocupante,Europa,2012,Quase ameaçado
Canguru,Mudanças climáticas,Menos preocupante,Ásia,1963,Quase ameaçado
Leão Africano,Perda de habitat,Crítico,Europa,1910,Menos preocupante
Lince de cabeça curvada,Poluição,Em perigo,Oceania,1924,Vulnerável
Arara-de-barriga-amarela,Mudanças climáticas,Menos preocupante,América do Norte,1911,Crítico
Águia,Mudanças climáticas,Crítico,África,1958,Em perigo
Canguru,Poluição,Vulnerável,África,2001,Quase ameaçado
Lince Europeu,Mudanças climáticas,Menos preocupante,Ásia,1993,Quase ameaçado
Macaco-aranha,Outros,Crítico,Ásia,1947,Crítico
Elefante Asiático,Caça ilegal,Quase ameaçado,África,2022,Quase ameaçado
Tartaruga,Poluição,Menos preocupante,América do Norte,1916,Vulnerável
Elefante Asiático,Outros,Quase ameaçado,América do Sul,1922,Em perigo
Girafa de Masai,Outros,Crítico,Ásia,1905,Menos preocupante
Urso,Caça ilegal,Crítico,América do Norte,1928,Quase ameaçado
Lobo Cinzento,Mudanças climáticas,Quase ameaçado,América do Norte,1968,Em perigo
Águia Real,Caça ilegal,Vulnerável,América do Norte,1921,Quase ameaçado
Canguru Vermelho,Perda de habitat,Menos preocupante,Oceania,1950,Vulnerável
Tigre Indochinês,Mudanças climáticas,Em perigo,África,1956,Em perigo
Elefante Asiático,Outros,Quase ameaçado,América do Sul,1977,Em perigo
Lobo Cinzento,Caça ilegal,Crítico,África,1956,Quase ameaçado
Lince Europeu,Outros,Menos preocupante,Ásia,1983,Crítico
Panda Gigante,Perda de habitat,Vulnerável,América do Sul,2007,Quase ameaçado
Cervo Branco,Perda de habitat,Em perigo,Ásia,1907,Crítico
Tartaruga-mexicana,Mudanças climáticas,Menos preocupante,Europa,1970,Vulnerável
Águia,Caça ilegal,Quase ameaçado,Europa,1984,Crítico
Zebra de Montanha,Outros,Em perigo,Oceania,2012,Em perigo
Elefante Africano,Perda de habitat,Vulnerável,Europa,2013,Vulnerável
Girafa de Masai,Outros,Em perigo,África,1909,Em perigo
Tigre,Mudanças climáticas,Vulnerável,Ásia,1983,Em perigo
Tartaruga-mexicana,Perda de habitat,Crítico,Oceania,1971,Em perigo
Elefante Asiático,Caça ilegal,Menos preocupante,Ásia,2007,Em perigo
Arara,Mudanças climáticas,Quase ameaçado,Europa,2015,Crítico
Búfalo Africano,Perda de habitat,Quase ameaçado,Europa,1968,Vulnerável
Arara Azul,Poluição,Menos preocupante,Oceania,1917,Em perigo
Lince,Mudanças climáticas,Menos preocupante,Europa,1998,Menos preocupante
Lince,Outros,Em perigo,América do Norte,1923,Quase ameaçado
Lobo Vermelho,Perda de habitat,Vulnerável,África,2006,Em perigo
Tigre Indochinês,Outros,Menos preocupante,América do Norte,1942,Quase ameaçado
Tartaruga,Outros,Em perigo,Europa,1931,Quase ameaçado
Robalo de Costa,Mudanças climáticas,Em perigo,África,2002,Em perigo
Tigre,Caça ilegal,Vulnerável,África,1933,Crítico
Macaco-barrigudo,Perda de habitat,Em perigo,América do Sul,1906,Vulnerável
Robalo Branco,Mudanças climáticas,Menos preocupante,África,1948,Vulnerável
Gorila-da-montanha,Poluição,Em perigo,Europa,1941,Crítico
Tigre de Bengala,Caça ilegal,Crítico,Oceania,1932,Em perigo
Arara-de-barriga-amarela,Outros,Crítico,África,2006,Crítico
Panda Vermelho,Mudanças climáticas,Em perigo,Oceania,1936,Vulnerável
Crocodilo de Água Salgada,Outros,Menos preocupante,Ásia,1961,Quase ameaçado
Leão Asiático,Perda de habitat,Menos preocupante,África,1908,Crítico
Robalo de Mangue,Outros,Vulnerável,Ásia,1931,Em perigo
Lince Canadense,Poluição,Quase ameaçado,Europa,1911,Em perigo
Robalo Branco,Poluição,Crítico,América do Norte,1961,Menos preocupante
Lobo Vermelho,Perda de habitat,Vulnerável,Oceania,2002,Menos preocupante
Crocodilo de Água Salgada,Mudanças climáticas,Quase ameaçado,Oceania,2013,Quase ameaçado
Robalo,Outros,Vulnerável,Ásia,1936,Crítico
Zebra de Montanha,Mudanças climáticas,Vulnerável,Oceania,1979,Vulnerável
Tigre Malayo,Caça ilegal,Vulnerável,Oceania,1980,Em perigo
Canguru Albino,Caça ilegal,Em perigo,África,1935,Menos preocupante
Águia Real,Perda de habitat,Menos preocupante,América do Norte,2002,Quase ameaçado
Robalo Amarelo,Poluição,Crítico,América do Norte,2020,Quase ameaçado
Cervo de Cauda Branca,Poluição,Quase ameaçado,América do Norte,1999,Crítico
Robalo de Mangue,Outros,Menos preocupante,Ásia,1908,Menos preocupante
